{"cameraMode":{"drawMode":0,"name":"Shaded","section":"Shading Mode"},"sceneLighting":false,"audioPlay":false,"sceneViewState":{"showFog":true,"showMaterialUpdate":false,"showSkybox":true,"showFlares":true,"showImageEffects":true,"showParticleSystems":true},"in2DMode":false,"pivot":{"x":3.5369629859924318,"y":0.1499258279800415,"z":0.5062472820281982},"rotation":{"x":-0.18564359843730927,"y":-0.16073907911777497,"z":0.03079829551279545,"w":-0.9688915610313416},"size":3.0319297313690187,"orthographic":false}