{"cameraMode":{"drawMode":0,"name":"Shaded","section":"Shading Mode"},"sceneLighting":false,"audioPlay":false,"sceneViewState":{"showFog":true,"showMaterialUpdate":true,"showSkybox":true,"showFlares":false,"showImageEffects":true,"showParticleSystems":true},"in2DMode":false,"pivot":{"x":22.31444549560547,"y":0.505218505859375,"z":33.76658630371094},"rotation":{"x":-0.09170603007078171,"y":0.902371346950531,"z":-0.23841772973537446,"w":-0.34709203243255618},"size":2.8578836917877199,"orthographic":true}