{"cameraMode":{"drawMode":0,"name":"Shaded","section":"Shading Mode"},"sceneLighting":false,"audioPlay":false,"sceneViewState":{"showFog":true,"showMaterialUpdate":false,"showSkybox":true,"showFlares":true,"showImageEffects":true,"showParticleSystems":true},"in2DMode":false,"pivot":{"x":1.654242992401123,"y":2.4100000858306886,"z":-8.729999542236329},"rotation":{"x":-0.21754586696624757,"y":0.009366897866129876,"z":-0.002087981440126896,"w":-0.9760029911994934},"size":2.8578836917877199,"orthographic":false}